league,season,week,game_id,kickoff,home,away,neutral,home_win_prob,margin,version,sealed_at,call,call_pct,status,home_score,away_score,winner,called_right,brier,log_loss,one_source,seal_hash,sealed_post,graded_post
nfl,2026,4,2026_04_PIT_CLE,2026-10-01T20:15:00-04:00,CLE,PIT,false,0.459,-1.1,v1,2026-09-29T21:00:46-04:00,PIT,54,graded,27,24,CLE,false,0.2927,0.7787,false,db1166458674768731b307312c1ddd8fb02bdbfad4d653cde9875d70f79f7d4d,https://x.com/CounterDecides/status/2105100518678728967,https://x.com/CounterDecides/status/2107644602329059797
nfl,2026,4,2026_04_IND_WAS,2026-10-04T09:30:00-04:00,WAS,IND,true,0.502,0.1,v1,2026-09-29T21:00:46-04:00,WAS,50,graded,13,30,IND,false,0.252,0.6972,false,db1166458674768731b307312c1ddd8fb02bdbfad4d653cde9875d70f79f7d4d,https://x.com/CounterDecides/status/2105100518678728967,https://x.com/CounterDecides/status/2107644602329059797
nfl,2026,4,2026_04_ARI_NYG,2026-10-04T13:00:00-04:00,NYG,ARI,false,0.607,3.0,v1,2026-09-29T21:00:46-04:00,NYG,61,graded,36,24,NYG,true,0.1544,0.4992,false,db1166458674768731b307312c1ddd8fb02bdbfad4d653cde9875d70f79f7d4d,https://x.com/CounterDecides/status/2105100518678728967,https://x.com/CounterDecides/status/2107644602329059797
nfl,2026,4,2026_04_DAL_HOU,2026-10-04T13:00:00-04:00,HOU,DAL,false,0.675,5.1,v1,2026-09-29T21:00:46-04:00,HOU,68,graded,30,34,DAL,false,0.4556,1.1239,false,db1166458674768731b307312c1ddd8fb02bdbfad4d653cde9875d70f79f7d4d,https://x.com/CounterDecides/status/2105100518678728967,https://x.com/CounterDecides/status/2107644602329059797
nfl,2026,4,2026_04_GB_TB,2026-10-04T13:00:00-04:00,TB,GB,false,0.511,0.3,v1,2026-09-29T21:00:46-04:00,TB,51,graded,14,17,GB,false,0.2611,0.7154,false,db1166458674768731b307312c1ddd8fb02bdbfad4d653cde9875d70f79f7d4d,https://x.com/CounterDecides/status/2105100518678728967,https://x.com/CounterDecides/status/2107644602329059797
nfl,2026,4,2026_04_JAX_CIN,2026-10-04T13:00:00-04:00,CIN,JAX,false,0.46,-1.1,v1,2026-09-29T21:00:46-04:00,JAX,54,graded,17,22,JAX,true,0.2116,0.6162,false,db1166458674768731b307312c1ddd8fb02bdbfad4d653cde9875d70f79f7d4d,https://x.com/CounterDecides/status/2105100518678728967,https://x.com/CounterDecides/status/2107644602329059797
nfl,2026,4,2026_04_LA_PHI,2026-10-04T13:00:00-04:00,PHI,LA,false,0.522,0.6,v1,2026-09-29T21:00:46-04:00,PHI,52,graded,20,24,LA,false,0.2725,0.7381,false,db1166458674768731b307312c1ddd8fb02bdbfad4d653cde9875d70f79f7d4d,https://x.com/CounterDecides/status/2105100518678728967,https://x.com/CounterDecides/status/2107644602329059797
nfl,2026,4,2026_04_NE_BUF,2026-10-04T13:00:00-04:00,BUF,NE,false,0.669,4.9,v1,2026-09-29T21:00:46-04:00,BUF,67,graded,26,29,NE,false,0.4476,1.1056,false,db1166458674768731b307312c1ddd8fb02bdbfad4d653cde9875d70f79f7d4d,https://x.com/CounterDecides/status/2105100518678728967,https://x.com/CounterDecides/status/2107644602329059797
nfl,2026,4,2026_04_NYJ_CHI,2026-10-04T13:00:00-04:00,CHI,NYJ,false,0.798,9.6,v1,2026-09-29T21:00:46-04:00,CHI,80,graded,23,12,CHI,true,0.0408,0.2256,false,db1166458674768731b307312c1ddd8fb02bdbfad4d653cde9875d70f79f7d4d,https://x.com/CounterDecides/status/2105100518678728967,https://x.com/CounterDecides/status/2107644602329059797
nfl,2026,4,2026_04_TEN_BAL,2026-10-04T13:00:00-04:00,BAL,TEN,false,0.836,11.3,v1,2026-09-29T21:00:46-04:00,BAL,84,graded,24,18,BAL,true,0.0269,0.1791,false,db1166458674768731b307312c1ddd8fb02bdbfad4d653cde9875d70f79f7d4d,https://x.com/CounterDecides/status/2105100518678728967,https://x.com/CounterDecides/status/2107644602329059797
nfl,2026,4,2026_04_MIA_MIN,2026-10-04T16:05:00-04:00,MIN,MIA,false,0.821,10.6,v1,2026-09-29T21:00:46-04:00,MIN,82,graded,15,10,MIN,true,0.032,0.1972,false,db1166458674768731b307312c1ddd8fb02bdbfad4d653cde9875d70f79f7d4d,https://x.com/CounterDecides/status/2105100518678728967,https://x.com/CounterDecides/status/2107644602329059797
nfl,2026,4,2026_04_DEN_SF,2026-10-04T16:25:00-04:00,SF,DEN,false,0.585,2.4,v1,2026-09-29T21:00:46-04:00,SF,59,graded,24,14,SF,true,0.1722,0.5361,false,db1166458674768731b307312c1ddd8fb02bdbfad4d653cde9875d70f79f7d4d,https://x.com/CounterDecides/status/2105100518678728967,https://x.com/CounterDecides/status/2107644602329059797
nfl,2026,4,2026_04_KC_LV,2026-10-04T16:25:00-04:00,LV,KC,false,0.418,-2.3,v1,2026-09-29T21:00:46-04:00,KC,58,graded,27,30,KC,true,0.1747,0.5413,false,db1166458674768731b307312c1ddd8fb02bdbfad4d653cde9875d70f79f7d4d,https://x.com/CounterDecides/status/2105100518678728967,https://x.com/CounterDecides/status/2107644602329059797
nfl,2026,4,2026_04_LAC_SEA,2026-10-04T16:25:00-04:00,SEA,LAC,false,0.839,11.5,v1,2026-09-29T21:00:46-04:00,SEA,84,graded,30,23,SEA,true,0.0259,0.1755,false,db1166458674768731b307312c1ddd8fb02bdbfad4d653cde9875d70f79f7d4d,https://x.com/CounterDecides/status/2105100518678728967,https://x.com/CounterDecides/status/2107644602329059797
nfl,2026,4,2026_04_DET_CAR,2026-10-04T20:20:00-04:00,CAR,DET,false,0.409,-2.6,v1,2026-09-29T21:00:46-04:00,DET,59,graded,32,26,CAR,false,0.3493,0.894,false,db1166458674768731b307312c1ddd8fb02bdbfad4d653cde9875d70f79f7d4d,https://x.com/CounterDecides/status/2105100518678728967,https://x.com/CounterDecides/status/2107644602329059797
nfl,2026,4,2026_04_ATL_NO,2026-10-05T20:15:00-04:00,NO,ATL,false,0.543,1.2,v1,2026-09-29T21:00:46-04:00,NO,54,graded,24,45,ATL,false,0.2948,0.7831,false,db1166458674768731b307312c1ddd8fb02bdbfad4d653cde9875d70f79f7d4d,https://x.com/CounterDecides/status/2105100518678728967,https://x.com/CounterDecides/status/2107644602329059797
nfl,2026,5,2026_05_TB_DAL,2026-10-08T20:15:00-04:00,DAL,TB,false,0.816,10.3,v2,2026-10-06T21:29:55-04:00,DAL,82,pending,,,,,,,,f1c025d1cffb43648dc39bfd7ff3ed869338bcf510a9b3910f62274a8f1de457,https://x.com/CounterDecides/status/2107644607278305368,
nfl,2026,5,2026_05_PHI_JAX,2026-10-11T09:30:00-04:00,JAX,PHI,false,0.708,6.1,v2,2026-10-06T21:29:55-04:00,JAX,71,pending,,,,,,,,f1c025d1cffb43648dc39bfd7ff3ed869338bcf510a9b3910f62274a8f1de457,https://x.com/CounterDecides/status/2107644607278305368,
nfl,2026,5,2026_05_CHI_GB,2026-10-11T13:00:00-04:00,GB,CHI,false,0.608,3.0,v2,2026-10-06T21:29:55-04:00,GB,61,pending,,,,,,,,f1c025d1cffb43648dc39bfd7ff3ed869338bcf510a9b3910f62274a8f1de457,https://x.com/CounterDecides/status/2107644607278305368,
nfl,2026,5,2026_05_CIN_MIA,2026-10-11T13:00:00-04:00,MIA,CIN,false,0.397,-2.9,v2,2026-10-06T21:29:55-04:00,CIN,60,pending,,,,,,,,f1c025d1cffb43648dc39bfd7ff3ed869338bcf510a9b3910f62274a8f1de457,https://x.com/CounterDecides/status/2107644607278305368,
nfl,2026,5,2026_05_CLE_NYJ,2026-10-11T13:00:00-04:00,NYJ,CLE,false,0.397,-2.9,v2,2026-10-06T21:29:55-04:00,CLE,60,pending,,,,,,,,f1c025d1cffb43648dc39bfd7ff3ed869338bcf510a9b3910f62274a8f1de457,https://x.com/CounterDecides/status/2107644607278305368,
nfl,2026,5,2026_05_HOU_TEN,2026-10-11T13:00:00-04:00,TEN,HOU,false,0.299,-5.9,v2,2026-10-06T21:29:55-04:00,HOU,70,pending,,,,,,,,f1c025d1cffb43648dc39bfd7ff3ed869338bcf510a9b3910f62274a8f1de457,https://x.com/CounterDecides/status/2107644607278305368,
nfl,2026,5,2026_05_IND_PIT,2026-10-11T13:00:00-04:00,PIT,IND,false,0.625,3.5,v2,2026-10-06T21:29:55-04:00,PIT,63,pending,,,,,,,,f1c025d1cffb43648dc39bfd7ff3ed869338bcf510a9b3910f62274a8f1de457,https://x.com/CounterDecides/status/2107644607278305368,
nfl,2026,5,2026_05_LV_NE,2026-10-11T13:00:00-04:00,NE,LV,false,0.713,6.3,v2,2026-10-06T21:29:55-04:00,NE,71,pending,,,,,,,,f1c025d1cffb43648dc39bfd7ff3ed869338bcf510a9b3910f62274a8f1de457,https://x.com/CounterDecides/status/2107644607278305368,
nfl,2026,5,2026_05_MIN_NO,2026-10-11T13:00:00-04:00,NO,MIN,false,0.3,-5.9,v2,2026-10-06T21:29:55-04:00,MIN,70,pending,,,,,,,,f1c025d1cffb43648dc39bfd7ff3ed869338bcf510a9b3910f62274a8f1de457,https://x.com/CounterDecides/status/2107644607278305368,
nfl,2026,5,2026_05_NYG_WAS,2026-10-11T13:00:00-04:00,WAS,NYG,false,0.478,-0.6,v2,2026-10-06T21:29:55-04:00,NYG,52,pending,,,,,,,,f1c025d1cffb43648dc39bfd7ff3ed869338bcf510a9b3910f62274a8f1de457,https://x.com/CounterDecides/status/2107644607278305368,
nfl,2026,5,2026_05_DEN_LAC,2026-10-11T16:05:00-04:00,LAC,DEN,false,0.362,-3.9,v2,2026-10-06T21:29:55-04:00,DEN,64,pending,,,,,,,,f1c025d1cffb43648dc39bfd7ff3ed869338bcf510a9b3910f62274a8f1de457,https://x.com/CounterDecides/status/2107644607278305368,
nfl,2026,5,2026_05_DET_ARI,2026-10-11T16:25:00-04:00,ARI,DET,false,0.376,-3.5,v2,2026-10-06T21:29:55-04:00,DET,62,pending,,,,,,,,f1c025d1cffb43648dc39bfd7ff3ed869338bcf510a9b3910f62274a8f1de457,https://x.com/CounterDecides/status/2107644607278305368,
nfl,2026,5,2026_05_SF_SEA,2026-10-11T16:25:00-04:00,SEA,SF,false,0.602,2.9,v2,2026-10-06T21:29:55-04:00,SEA,60,pending,,,,,,,,f1c025d1cffb43648dc39bfd7ff3ed869338bcf510a9b3910f62274a8f1de457,https://x.com/CounterDecides/status/2107644607278305368,
nfl,2026,5,2026_05_BAL_ATL,2026-10-11T20:20:00-04:00,ATL,BAL,false,0.509,0.3,v2,2026-10-06T21:29:55-04:00,ATL,51,pending,,,,,,,,f1c025d1cffb43648dc39bfd7ff3ed869338bcf510a9b3910f62274a8f1de457,https://x.com/CounterDecides/status/2107644607278305368,
nfl,2026,5,2026_05_BUF_LA,2026-10-12T20:15:00-04:00,LA,BUF,false,0.492,-0.2,v2,2026-10-06T21:29:55-04:00,BUF,51,pending,,,,,,,,f1c025d1cffb43648dc39bfd7ff3ed869338bcf510a9b3910f62274a8f1de457,https://x.com/CounterDecides/status/2107644607278305368,
